"Station Name","Date (Local Standard Time)","Air Temp. Avg. (°C)","Air Temp. Avg. Source Flag","Air Temp. Avg. Record Completeness (%)","Air Temp. Avg. Comment","Relative Humidity Avg. (%)","Relative Humidity Avg. Source Flag","Relative Humidity Avg. Record Completeness (%)","Relative Humidity Avg. Comment","Incoming Solar Rad. (W/m2)","Incoming Solar Rad. Source Flag","Incoming Solar Rad. Record Completeness (%)","Incoming Solar Rad. Comment","Incoming Radiation Max. (W/m2)","Incoming Radiation Max. Source Flag","Incoming Radiation Max. Record Completeness (%)","Incoming Radiation Max. Comment","Incoming Solar Rad. Total (MJ/m2)","Incoming Solar Rad. Total Source Flag","Incoming Solar Rad. Total Record Completeness (%)","Incoming Solar Rad. Total Comment","Precip. (mm)","Precip. Source Flag","Precip. Comment","Wind Speed 10 m Avg. (km/h)","Wind Speed 10 m Avg. Source Flag","Wind Speed 10 m Avg. Record Completeness (%)","Wind Speed 10 m Avg. Comment"
"Atmore AGDM","January-2020","-16.0","AGGREGATED","100.0","Completeness breakdown - Actual: 100%, Estimated: 0%, Missing: 0%, Rejected: 0%;Aggregation entirety: 100%;Element: ATA","78.6","AGGREGATED","100.0","Completeness breakdown - Actual: 100%, Estimated: 0%, Missing: 0%, Rejected: 0%;Aggregation entirety: 100%;Element: HUA","37.2","AGGREGATED","99.9","Completeness breakdown - Actual: 99.866%, Estimated: 0.134%, Missing: 0%, Rejected: 0%;Aggregation entirety: 100%","310.1","AGGREGATED","99.9","Completeness breakdown - Actual: 99.866%, Estimated: 0.134%, Missing: 0%, Rejected: 0%;Aggregation entirety: 100%;Element: IR","99.7","AGGREGATED","99.9","Completeness breakdown - Actual: 99.866%, Estimated: 0.134%, Missing: 0%, Rejected: 0%;Aggregation entirety: 100%","13.3","AGGREGATED","using element [Precip. Weighing]; Completeness breakdown - Actual: 100%, Estimated: 0%, Missing: 0%, Rejected: 0%;Aggregation entirety: 100%","7.8","AGGREGATED","100.0","Completeness breakdown - Actual: 100%, Estimated: 0%, Missing: 0%, Rejected: 0%;Aggregation entirety: 100%;Element: WSA"
"Atmore AGDM","February-2020","-9.1","AGGREGATED","100.0","Completeness breakdown - Actual: 100%, Estimated: 0%, Missing: 0%, Rejected: 0%;Aggregation entirety: 100%;Element: ATA","72.8","AGGREGATED","100.0","Completeness breakdown - Actual: 100%, Estimated: 0%, Missing: 0%, Rejected: 0%;Aggregation entirety: 100%;Element: HUA","81.2","AGGREGATED","100.0","Completeness breakdown - Actual: 100%, Estimated: 0%, Missing: 0%, Rejected: 0%;Aggregation entirety: 100%","561.9","AGGREGATED","100.0","Completeness breakdown - Actual: 100%, Estimated: 0%, Missing: 0%, Rejected: 0%;Aggregation entirety: 100%;Element: IR","203.5","AGGREGATED","100.0","Completeness breakdown - Actual: 100%, Estimated: 0%, Missing: 0%, Rejected: 0%;Aggregation entirety: 100%","14.4","AGGREGATED","using element [Precip. Weighing]; Completeness breakdown - Actual: 100%, Estimated: 0%, Missing: 0%, Rejected: 0%;Aggregation entirety: 100%","9.7","AGGREGATED","100.0","Completeness breakdown - Actual: 100%, Estimated: 0%, Missing: 0%, Rejected: 0%;Aggregation entirety: 100%;Element: WSA"
"Atmore AGDM","March-2020","-8.4","AGGREGATED","100.0","Completeness breakdown - Actual: 100%, Estimated: 0%, Missing: 0%, Rejected: 0%;Aggregation entirety: 100%;Element: ATA","69.6","AGGREGATED","100.0","Completeness breakdown - Actual: 100%, Estimated: 0%, Missing: 0%, Rejected: 0%;Aggregation entirety: 100%;Element: HUA","140.6","AGGREGATED","99.9","Completeness breakdown - Actual: 99.866%, Estimated: 0.134%, Missing: 0%, Rejected: 0%;Aggregation entirety: 100%","719.0","AGGREGATED","99.9","Completeness breakdown - Actual: 99.866%, Estimated: 0.134%, Missing: 0%, Rejected: 0%;Aggregation entirety: 100%;Element: IR","376.5","AGGREGATED","99.9","Completeness breakdown - Actual: 99.866%, Estimated: 0.134%, Missing: 0%, Rejected: 0%;Aggregation entirety: 100%","23.4","AGGREGATED","using element [Precip. Weighing]; Completeness breakdown - Actual: 100%, Estimated: 0%, Missing: 0%, Rejected: 0%;Aggregation entirety: 100%","11.1","AGGREGATED","100.0","Completeness breakdown - Actual: 100%, Estimated: 0%, Missing: 0%, Rejected: 0%;Aggregation entirety: 100%;Element: WSA"
"Atmore AGDM","April-2020","0.3","AGGREGATED","100.0","Completeness breakdown - Actual: 100%, Estimated: 0%, Missing: 0%, Rejected: 0%;Aggregation entirety: 100%;Element: ATA","59.7","AGGREGATED","100.0","Completeness breakdown - Actual: 100%, Estimated: 0%, Missing: 0%, Rejected: 0%;Aggregation entirety: 100%;Element: HUA","225.8","AGGREGATED","100.0","Completeness breakdown - Actual: 100%, Estimated: 0%, Missing: 0%, Rejected: 0%;Aggregation entirety: 100%","813.0","AGGREGATED","100.0","Completeness breakdown - Actual: 100%, Estimated: 0%, Missing: 0%, Rejected: 0%;Aggregation entirety: 100%;Element: IR","585.3","AGGREGATED","100.0","Completeness breakdown - Actual: 100%, Estimated: 0%, Missing: 0%, Rejected: 0%;Aggregation entirety: 100%","4.8","AGGREGATED","using element [Precip. Weighing]; Completeness breakdown - Actual: 100%, Estimated: 0%, Missing: 0%, Rejected: 0%;Aggregation entirety: 100%","12.5","AGGREGATED","100.0","Completeness breakdown - Actual: 100%, Estimated: 0%, Missing: 0%, Rejected: 0%;Aggregation entirety: 100%;Element: WSA"
"Atmore AGDM","May-2020","10.0","AGGREGATED","100.0","Completeness breakdown - Actual: 100%, Estimated: 0%, Missing: 0%, Rejected: 0%;Aggregation entirety: 100%;Element: ATA","59.8","AGGREGATED","100.0","Completeness breakdown - Actual: 100%, Estimated: 0%, Missing: 0%, Rejected: 0%;Aggregation entirety: 100%;Element: HUA","224.4","AGGREGATED","100.0","Completeness breakdown - Actual: 100%, Estimated: 0%, Missing: 0%, Rejected: 0%;Aggregation entirety: 100%","850.0","AGGREGATED","100.0","Completeness breakdown - Actual: 100%, Estimated: 0%, Missing: 0%, Rejected: 0%;Aggregation entirety: 100%;Element: IR","600.9","AGGREGATED","100.0","Completeness breakdown - Actual: 100%, Estimated: 0%, Missing: 0%, Rejected: 0%;Aggregation entirety: 100%","92.3","AGGREGATED","using element [Precip. Weighing]; Completeness breakdown - Actual: 99.866%, Estimated: 0%, Missing: 0%, Rejected: 0%;Aggregation entirety: 100%","11.8","AGGREGATED","100.0","Completeness breakdown - Actual: 100%, Estimated: 0%, Missing: 0%, Rejected: 0%;Aggregation entirety: 100%;Element: WSA"
"Atmore AGDM","June-2020","13.8","AGGREGATED","100.0","Completeness breakdown - Actual: 100%, Estimated: 0%, Missing: 0%, Rejected: 0%;Aggregation entirety: 100%;Element: ATA","76.2","AGGREGATED","100.0","Completeness breakdown - Actual: 100%, Estimated: 0%, Missing: 0%, Rejected: 0%;Aggregation entirety: 100%;Element: HUA","230.5","AGGREGATED","100.0","Completeness breakdown - Actual: 100%, Estimated: 0%, Missing: 0%, Rejected: 0%;Aggregation entirety: 100%","947.0","AGGREGATED","100.0","Completeness breakdown - Actual: 100%, Estimated: 0%, Missing: 0%, Rejected: 0%;Aggregation entirety: 100%;Element: IR","597.4","AGGREGATED","100.0","Completeness breakdown - Actual: 100%, Estimated: 0%, Missing: 0%, Rejected: 0%;Aggregation entirety: 100%","143.3","AGGREGATED","using element [Precip. Weighing]; Completeness breakdown - Actual: 100%, Estimated: 0%, Missing: 0%, Rejected: 0%;Aggregation entirety: 100%","10.7","AGGREGATED","100.0","Completeness breakdown - Actual: 100%, Estimated: 0%, Missing: 0%, Rejected: 0%;Aggregation entirety: 100%;Element: WSA"
"Duck Lake AGCM","January-2020","-16.3","AGGREGATED","100.0","Completeness breakdown - Actual: 100%, Estimated: 0%, Missing: 0%, Rejected: 0%;Aggregation entirety: 100%;Element: ATA","78.1","AGGREGATED","100.0","Completeness breakdown - Actual: 100%, Estimated: 0%, Missing: 0%, Rejected: 0%;Aggregation entirety: 100%;Element: HUA","35.5","AGGREGATED","87.5","Completeness breakdown - Actual: 87.5%, Estimated: 12.5%, Missing: 0%, Rejected: 0%;Aggregation entirety: 100%","293.6","AGGREGATED","87.5","Completeness breakdown - Actual: 87.5%, Estimated: 12.5%, Missing: 0%, Rejected: 0%;Aggregation entirety: 100%;Element: IR","95.1","AGGREGATED","87.5","Completeness breakdown - Actual: 87.5%, Estimated: 12.5%, Missing: 0%, Rejected: 0%;Aggregation entirety: 100%","16.3","AGGREGATED","using element [Precip. Weighing]; Completeness breakdown - Actual: 100%, Estimated: 0%, Missing: 0%, Rejected: 0%;Aggregation entirety: 100%","7.1","AGGREGATED","89.9","Completeness breakdown - Actual: 89.919%, Estimated: 10.081%, Missing: 0%, Rejected: 0%;Aggregation entirety: 100%;Element: WSA"
"Duck Lake AGCM","February-2020","-8.8","AGGREGATED","100.0","Completeness breakdown - Actual: 100%, Estimated: 0%, Missing: 0%, Rejected: 0%;Aggregation entirety: 100%;Element: ATA","74.4","AGGREGATED","100.0","Completeness breakdown - Actual: 100%, Estimated: 0%, Missing: 0%, Rejected: 0%;Aggregation entirety: 100%;Element: HUA","73.7","AGGREGATED","86.1","Completeness breakdown - Actual: 86.063%, Estimated: 13.937%, Missing: 0%, Rejected: 0%;Aggregation entirety: 100%","470.7","AGGREGATED","86.1","Completeness breakdown - Actual: 86.063%, Estimated: 13.937%, Missing: 0%, Rejected: 0%;Aggregation entirety: 100%;Element: IR","184.6","AGGREGATED","86.1","Completeness breakdown - Actual: 86.063%, Estimated: 13.937%, Missing: 0%, Rejected: 0%;Aggregation entirety: 100%","19.3","AGGREGATED","using element [Precip. Weighing]; Completeness breakdown - Actual: 100%, Estimated: 0%, Missing: 0%, Rejected: 0%;Aggregation entirety: 100%","9.0","AGGREGATED","98.3","Completeness breakdown - Actual: 98.276%, Estimated: 1.724%, Missing: 0%, Rejected: 0%;Aggregation entirety: 100%;Element: WSA"
"Duck Lake AGCM","March-2020","-8.4","AGGREGATED","100.0","Completeness breakdown - Actual: 100%, Estimated: 0%, Missing: 0%, Rejected: 0%;Aggregation entirety: 100%;Element: ATA","72.0","AGGREGATED","100.0","Completeness breakdown - Actual: 100%, Estimated: 0%, Missing: 0%, Rejected: 0%;Aggregation entirety: 100%;Element: HUA","128.2","AGGREGATED","88.8","Completeness breakdown - Actual: 88.844%, Estimated: 11.156%, Missing: 0%, Rejected: 0%;Aggregation entirety: 100%","621.2","AGGREGATED","88.8","Completeness breakdown - Actual: 88.844%, Estimated: 11.156%, Missing: 0%, Rejected: 0%;Aggregation entirety: 100%;Element: IR","343.3","AGGREGATED","88.8","Completeness breakdown - Actual: 88.844%, Estimated: 11.156%, Missing: 0%, Rejected: 0%;Aggregation entirety: 100%","19.3","AGGREGATED","using element [Precip. Weighing]; Completeness breakdown - Actual: 100%, Estimated: 0%, Missing: 0%, Rejected: 0%;Aggregation entirety: 100%","10.5","AGGREGATED","100.0","Completeness breakdown - Actual: 100%, Estimated: 0%, Missing: 0%, Rejected: 0%;Aggregation entirety: 100%;Element: WSA"
"Duck Lake AGCM","April-2020","0.0","AGGREGATED","100.0","Completeness breakdown - Actual: 100%, Estimated: 0%, Missing: 0%, Rejected: 0%;Aggregation entirety: 100%;Element: ATA","63.2","AGGREGATED","100.0","Completeness breakdown - Actual: 100%, Estimated: 0%, Missing: 0%, Rejected: 0%;Aggregation entirety: 100%;Element: HUA","209.8","AGGREGATED","91.2","Completeness breakdown - Actual: 91.25%, Estimated: 8.75%, Missing: 0%, Rejected: 0%;Aggregation entirety: 100%","808.0","AGGREGATED","91.2","Completeness breakdown - Actual: 91.25%, Estimated: 8.75%, Missing: 0%, Rejected: 0%;Aggregation entirety: 100%;Element: IR","543.8","AGGREGATED","91.2","Completeness breakdown - Actual: 91.25%, Estimated: 8.75%, Missing: 0%, Rejected: 0%;Aggregation entirety: 100%","7.6","AGGREGATED","using element [Precip. Weighing]; Completeness breakdown - Actual: 100%, Estimated: 0%, Missing: 0%, Rejected: 0%;Aggregation entirety: 100%","12.1","AGGREGATED","100.0","Completeness breakdown - Actual: 100%, Estimated: 0%, Missing: 0%, Rejected: 0%;Aggregation entirety: 100%;Element: WSA"
"Duck Lake AGCM","May-2020","9.2","AGGREGATED","100.0","Completeness breakdown - Actual: 100%, Estimated: 0%, Missing: 0%, Rejected: 0%;Aggregation entirety: 100%;Element: ATA","64.3","AGGREGATED","100.0","Completeness breakdown - Actual: 100%, Estimated: 0%, Missing: 0%, Rejected: 0%;Aggregation entirety: 100%;Element: HUA","215.2","AGGREGATED","96.1","Completeness breakdown - Actual: 96.102%, Estimated: 3.898%, Missing: 0%, Rejected: 0%;Aggregation entirety: 100%","892.0","AGGREGATED","96.1","Completeness breakdown - Actual: 96.102%, Estimated: 3.898%, Missing: 0%, Rejected: 0%;Aggregation entirety: 100%;Element: IR","576.4","AGGREGATED","96.1","Completeness breakdown - Actual: 96.102%, Estimated: 3.898%, Missing: 0%, Rejected: 0%;Aggregation entirety: 100%","39.4","AGGREGATED","using element [Precip. Weighing]; Completeness breakdown - Actual: 99.866%, Estimated: 0%, Missing: 0%, Rejected: 0%;Aggregation entirety: 100%","10.4","AGGREGATED","100.0","Completeness breakdown - Actual: 100%, Estimated: 0%, Missing: 0%, Rejected: 0%;Aggregation entirety: 100%;Element: WSA"
"Duck Lake AGCM","June-2020","13.3","AGGREGATED","100.0","Completeness breakdown - Actual: 100%, Estimated: 0%, Missing: 0%, Rejected: 0%;Aggregation entirety: 100%;Element: ATA","74.4","AGGREGATED","100.0","Completeness breakdown - Actual: 100%, Estimated: 0%, Missing: 0%, Rejected: 0%;Aggregation entirety: 100%;Element: HUA","217.5","AGGREGATED","96.1","Completeness breakdown - Actual: 96.111%, Estimated: 3.889%, Missing: 0%, Rejected: 0%;Aggregation entirety: 100%","892.0","AGGREGATED","96.1","Completeness breakdown - Actual: 96.111%, Estimated: 3.889%, Missing: 0%, Rejected: 0%;Aggregation entirety: 100%;Element: IR","563.7","AGGREGATED","96.1","Completeness breakdown - Actual: 96.111%, Estimated: 3.889%, Missing: 0%, Rejected: 0%;Aggregation entirety: 100%","99.9","AGGREGATED","using element [Precip. Weighing]; Completeness breakdown - Actual: 100%, Estimated: 0%, Missing: 0%, Rejected: 0%;Aggregation entirety: 100%","9.0","AGGREGATED","100.0","Completeness breakdown - Actual: 100%, Estimated: 0%, Missing: 0%, Rejected: 0%;Aggregation entirety: 100%;Element: WSA"
"Kinikinik AGCM","January-2020","-14.3","AGGREGATED","100.0","Completeness breakdown - Actual: 100%, Estimated: 0%, Missing: 0%, Rejected: 0%;Aggregation entirety: 100%;Element: ATA","80.2","AGGREGATED","100.0","Completeness breakdown - Actual: 100%, Estimated: 0%, Missing: 0%, Rejected: 0%;Aggregation entirety: 100%;Element: HUA","38.5","AGGREGATED","100.0","Completeness breakdown - Actual: 100%, Estimated: 0%, Missing: 0%, Rejected: 0%;Aggregation entirety: 100%","324.6","AGGREGATED","100.0","Completeness breakdown - Actual: 100%, Estimated: 0%, Missing: 0%, Rejected: 0%;Aggregation entirety: 100%;Element: IR","103.2","AGGREGATED","100.0","Completeness breakdown - Actual: 100%, Estimated: 0%, Missing: 0%, Rejected: 0%;Aggregation entirety: 100%","11.9","AGGREGATED","using element [Precip. Weighing]; Completeness breakdown - Actual: 100%, Estimated: 0%, Missing: 0%, Rejected: 0%;Aggregation entirety: 100%","13.8","AGGREGATED","100.0","Completeness breakdown - Actual: 100%, Estimated: 0%, Missing: 0%, Rejected: 0%;Aggregation entirety: 100%;Element: WSA"
"Kinikinik AGCM","February-2020","-7.5","AGGREGATED","100.0","Completeness breakdown - Actual: 100%, Estimated: 0%, Missing: 0%, Rejected: 0%;Aggregation entirety: 100%;Element: ATA","73.5","AGGREGATED","100.0","Completeness breakdown - Actual: 100%, Estimated: 0%, Missing: 0%, Rejected: 0%;Aggregation entirety: 100%;Element: HUA","81.8","AGGREGATED","100.0","Completeness breakdown - Actual: 100%, Estimated: 0%, Missing: 0%, Rejected: 0%;Aggregation entirety: 100%","489.5","AGGREGATED","100.0","Completeness breakdown - Actual: 100%, Estimated: 0%, Missing: 0%, Rejected: 0%;Aggregation entirety: 100%;Element: IR","204.9","AGGREGATED","100.0","Completeness breakdown - Actual: 100%, Estimated: 0%, Missing: 0%, Rejected: 0%;Aggregation entirety: 100%","19.5","AGGREGATED","using element [Precip. Weighing]; Completeness breakdown - Actual: 100%, Estimated: 0%, Missing: 0%, Rejected: 0%;Aggregation entirety: 100%","16.9","AGGREGATED","100.0","Completeness breakdown - Actual: 100%, Estimated: 0%, Missing: 0%, Rejected: 0%;Aggregation entirety: 100%;Element: WSA"
"Kinikinik AGCM","March-2020","-7.7","AGGREGATED","100.0","Completeness breakdown - Actual: 100%, Estimated: 0%, Missing: 0%, Rejected: 0%;Aggregation entirety: 100%;Element: ATA","73.1","AGGREGATED","100.0","Completeness breakdown - Actual: 100%, Estimated: 0%, Missing: 0%, Rejected: 0%;Aggregation entirety: 100%;Element: HUA","148.3","AGGREGATED","100.0","Completeness breakdown - Actual: 100%, Estimated: 0%, Missing: 0%, Rejected: 0%;Aggregation entirety: 100%","708.6","AGGREGATED","100.0","Completeness breakdown - Actual: 100%, Estimated: 0%, Missing: 0%, Rejected: 0%;Aggregation entirety: 100%;Element: IR","397.3","AGGREGATED","100.0","Completeness breakdown - Actual: 100%, Estimated: 0%, Missing: 0%, Rejected: 0%;Aggregation entirety: 100%","13.8","AGGREGATED","using element [Precip. Weighing]; Completeness breakdown - Actual: 100%, Estimated: 0%, Missing: 0%, Rejected: 0%;Aggregation entirety: 100%","16.1","AGGREGATED","100.0","Completeness breakdown - Actual: 100%, Estimated: 0%, Missing: 0%, Rejected: 0%;Aggregation entirety: 100%;Element: WSA"
"Kinikinik AGCM","April-2020","0.9","AGGREGATED","100.0","Completeness breakdown - Actual: 100%, Estimated: 0%, Missing: 0%, Rejected: 0%;Aggregation entirety: 100%;Element: ATA","62.4","AGGREGATED","100.0","Completeness breakdown - Actual: 100%, Estimated: 0%, Missing: 0%, Rejected: 0%;Aggregation entirety: 100%;Element: HUA","225.4","AGGREGATED","100.0","Completeness breakdown - Actual: 100%, Estimated: 0%, Missing: 0%, Rejected: 0%;Aggregation entirety: 100%","821.0","AGGREGATED","100.0","Completeness breakdown - Actual: 100%, Estimated: 0%, Missing: 0%, Rejected: 0%;Aggregation entirety: 100%;Element: IR","584.3","AGGREGATED","100.0","Completeness breakdown - Actual: 100%, Estimated: 0%, Missing: 0%, Rejected: 0%;Aggregation entirety: 100%","4.4","AGGREGATED","using element [Precip. Weighing]; Completeness breakdown - Actual: 100%, Estimated: 0%, Missing: 0%, Rejected: 0%;Aggregation entirety: 100%","17.2","AGGREGATED","100.0","Completeness breakdown - Actual: 100%, Estimated: 0%, Missing: 0%, Rejected: 0%;Aggregation entirety: 100%;Element: WSA"
"Kinikinik AGCM","May-2020","10.4","AGGREGATED","100.0","Completeness breakdown - Actual: 100%, Estimated: 0%, Missing: 0%, Rejected: 0%;Aggregation entirety: 100%;Element: ATA","61.2","AGGREGATED","100.0","Completeness breakdown - Actual: 100%, Estimated: 0%, Missing: 0%, Rejected: 0%;Aggregation entirety: 100%;Element: HUA","212.3","AGGREGATED","99.9","Completeness breakdown - Actual: 99.866%, Estimated: 0.134%, Missing: 0%, Rejected: 0%;Aggregation entirety: 100%","856.0","AGGREGATED","99.9","Completeness breakdown - Actual: 99.866%, Estimated: 0.134%, Missing: 0%, Rejected: 0%;Aggregation entirety: 100%;Element: IR","568.6","AGGREGATED","99.9","Completeness breakdown - Actual: 99.866%, Estimated: 0.134%, Missing: 0%, Rejected: 0%;Aggregation entirety: 100%","92.0","AGGREGATED","using element [Precip. Weighing]; Completeness breakdown - Actual: 99.866%, Estimated: 0%, Missing: 0%, Rejected: 0%;Aggregation entirety: 100%","15.8","AGGREGATED","100.0","Completeness breakdown - Actual: 100%, Estimated: 0%, Missing: 0%, Rejected: 0%;Aggregation entirety: 100%;Element: WSA"
"Kinikinik AGCM","June-2020","13.9","AGGREGATED","100.0","Completeness breakdown - Actual: 100%, Estimated: 0%, Missing: 0%, Rejected: 0%;Aggregation entirety: 100%;Element: ATA","76.4","AGGREGATED","100.0","Completeness breakdown - Actual: 100%, Estimated: 0%, Missing: 0%, Rejected: 0%;Aggregation entirety: 100%;Element: HUA","209.5","AGGREGATED","100.0","Completeness breakdown - Actual: 100%, Estimated: 0%, Missing: 0%, Rejected: 0%;Aggregation entirety: 100%","845.0","AGGREGATED","100.0","Completeness breakdown - Actual: 100%, Estimated: 0%, Missing: 0%, Rejected: 0%;Aggregation entirety: 100%;Element: IR","543.1","AGGREGATED","100.0","Completeness breakdown - Actual: 100%, Estimated: 0%, Missing: 0%, Rejected: 0%;Aggregation entirety: 100%","171.9","AGGREGATED","using element [Precip. Weighing]; Completeness breakdown - Actual: 100%, Estimated: 0%, Missing: 0%, Rejected: 0%;Aggregation entirety: 100%","13.6","AGGREGATED","100.0","Completeness breakdown - Actual: 100%, Estimated: 0%, Missing: 0%, Rejected: 0%;Aggregation entirety: 100%;Element: WSA"
"Pleasant View AGCM","January-2020","-15.0","AGGREGATED","100.0","Completeness breakdown - Actual: 100%, Estimated: 0%, Missing: 0%, Rejected: 0%;Aggregation entirety: 100%;Element: ATA","80.7","AGGREGATED","100.0","Completeness breakdown - Actual: 100%, Estimated: 0%, Missing: 0%, Rejected: 0%;Aggregation entirety: 100%;Element: HUA","35.1","AGGREGATED","98.4","Completeness breakdown - Actual: 98.387%, Estimated: 1.613%, Missing: 0%, Rejected: 0%;Aggregation entirety: 100%","302.1","AGGREGATED","98.4","Completeness breakdown - Actual: 98.387%, Estimated: 1.613%, Missing: 0%, Rejected: 0%;Aggregation entirety: 100%;Element: IR","94.0","AGGREGATED","98.4","Completeness breakdown - Actual: 98.387%, Estimated: 1.613%, Missing: 0%, Rejected: 0%;Aggregation entirety: 100%","15.9","AGGREGATED","using element [Precip. Weighing]; Completeness breakdown - Actual: 100%, Estimated: 0%, Missing: 0%, Rejected: 0%;Aggregation entirety: 100%","11.4","AGGREGATED","100.0","Completeness breakdown - Actual: 100%, Estimated: 0%, Missing: 0%, Rejected: 0%;Aggregation entirety: 100%;Element: WSA"
"Pleasant View AGCM","February-2020","-8.3","AGGREGATED","100.0","Completeness breakdown - Actual: 100%, Estimated: 0%, Missing: 0%, Rejected: 0%;Aggregation entirety: 100%;Element: ATA","72.9","AGGREGATED","100.0","Completeness breakdown - Actual: 100%, Estimated: 0%, Missing: 0%, Rejected: 0%;Aggregation entirety: 100%;Element: HUA","76.8","AGGREGATED","99.3","Completeness breakdown - Actual: 99.282%, Estimated: 0.718%, Missing: 0%, Rejected: 0%;Aggregation entirety: 100%","452.2","AGGREGATED","99.3","Completeness breakdown - Actual: 99.282%, Estimated: 0.718%, Missing: 0%, Rejected: 0%;Aggregation entirety: 100%;Element: IR","192.3","AGGREGATED","99.3","Completeness breakdown - Actual: 99.282%, Estimated: 0.718%, Missing: 0%, Rejected: 0%;Aggregation entirety: 100%","16.1","AGGREGATED","using element [Precip. Weighing]; Completeness breakdown - Actual: 100%, Estimated: 0%, Missing: 0%, Rejected: 0%;Aggregation entirety: 100%","12.2","AGGREGATED","100.0","Completeness breakdown - Actual: 100%, Estimated: 0%, Missing: 0%, Rejected: 0%;Aggregation entirety: 100%;Element: WSA"
"Pleasant View AGCM","March-2020","-7.9","AGGREGATED","100.0","Completeness breakdown - Actual: 100%, Estimated: 0%, Missing: 0%, Rejected: 0%;Aggregation entirety: 100%;Element: ATA","69.7","AGGREGATED","100.0","Completeness breakdown - Actual: 100%, Estimated: 0%, Missing: 0%, Rejected: 0%;Aggregation entirety: 100%;Element: HUA","131.7","AGGREGATED","100.0","Completeness breakdown - Actual: 100%, Estimated: 0%, Missing: 0%, Rejected: 0%;Aggregation entirety: 100%","625.9","AGGREGATED","100.0","Completeness breakdown - Actual: 100%, Estimated: 0%, Missing: 0%, Rejected: 0%;Aggregation entirety: 100%;Element: IR","352.8","AGGREGATED","100.0","Completeness breakdown - Actual: 100%, Estimated: 0%, Missing: 0%, Rejected: 0%;Aggregation entirety: 100%","21.5","AGGREGATED","using element [Precip. Weighing]; Completeness breakdown - Actual: 100%, Estimated: 0%, Missing: 0%, Rejected: 0%;Aggregation entirety: 100%","13.1","AGGREGATED","100.0","Completeness breakdown - Actual: 100%, Estimated: 0%, Missing: 0%, Rejected: 0%;Aggregation entirety: 100%;Element: WSA"
"Pleasant View AGCM","April-2020","0.8","AGGREGATED","100.0","Completeness breakdown - Actual: 100%, Estimated: 0%, Missing: 0%, Rejected: 0%;Aggregation entirety: 100%;Element: ATA","58.6","AGGREGATED","100.0","Completeness breakdown - Actual: 100%, Estimated: 0%, Missing: 0%, Rejected: 0%;Aggregation entirety: 100%;Element: HUA","209.9","AGGREGATED","100.0","Completeness breakdown - Actual: 100%, Estimated: 0%, Missing: 0%, Rejected: 0%;Aggregation entirety: 100%","774.5","AGGREGATED","100.0","Completeness breakdown - Actual: 100%, Estimated: 0%, Missing: 0%, Rejected: 0%;Aggregation entirety: 100%;Element: IR","544.2","AGGREGATED","100.0","Completeness breakdown - Actual: 100%, Estimated: 0%, Missing: 0%, Rejected: 0%;Aggregation entirety: 100%","5.6","AGGREGATED","using element [Precip. Weighing]; Completeness breakdown - Actual: 100%, Estimated: 0%, Missing: 0%, Rejected: 0%;Aggregation entirety: 100%","14.8","AGGREGATED","100.0","Completeness breakdown - Actual: 100%, Estimated: 0%, Missing: 0%, Rejected: 0%;Aggregation entirety: 100%;Element: WSA"
"Pleasant View AGCM","May-2020","9.8","AGGREGATED","100.0","Completeness breakdown - Actual: 100%, Estimated: 0%, Missing: 0%, Rejected: 0%;Aggregation entirety: 100%;Element: ATA","58.8","AGGREGATED","100.0","Completeness breakdown - Actual: 100%, Estimated: 0%, Missing: 0%, Rejected: 0%;Aggregation entirety: 100%;Element: HUA","216.4","AGGREGATED","100.0","Completeness breakdown - Actual: 100%, Estimated: 0%, Missing: 0%, Rejected: 0%;Aggregation entirety: 100%","932.0","AGGREGATED","100.0","Completeness breakdown - Actual: 100%, Estimated: 0%, Missing: 0%, Rejected: 0%;Aggregation entirety: 100%;Element: IR","579.6","AGGREGATED","100.0","Completeness breakdown - Actual: 100%, Estimated: 0%, Missing: 0%, Rejected: 0%;Aggregation entirety: 100%","50.6","AGGREGATED","using element [Precip. Weighing]; Completeness breakdown - Actual: 99.866%, Estimated: 0%, Missing: 0%, Rejected: 0%;Aggregation entirety: 100%","13.3","AGGREGATED","100.0","Completeness breakdown - Actual: 100%, Estimated: 0%, Missing: 0%, Rejected: 0%;Aggregation entirety: 100%;Element: WSA"
"Pleasant View AGCM","June-2020","13.5","AGGREGATED","100.0","Completeness breakdown - Actual: 100%, Estimated: 0%, Missing: 0%, Rejected: 0%;Aggregation entirety: 100%;Element: ATA","74.4","AGGREGATED","100.0","Completeness breakdown - Actual: 100%, Estimated: 0%, Missing: 0%, Rejected: 0%;Aggregation entirety: 100%;Element: HUA","224.6","AGGREGATED","100.0","Completeness breakdown - Actual: 100%, Estimated: 0%, Missing: 0%, Rejected: 0%;Aggregation entirety: 100%","958.0","AGGREGATED","100.0","Completeness breakdown - Actual: 100%, Estimated: 0%, Missing: 0%, Rejected: 0%;Aggregation entirety: 100%;Element: IR","582.1","AGGREGATED","100.0","Completeness breakdown - Actual: 100%, Estimated: 0%, Missing: 0%, Rejected: 0%;Aggregation entirety: 100%","131.1","AGGREGATED","using element [Precip. Weighing]; Completeness breakdown - Actual: 100%, Estimated: 0%, Missing: 0%, Rejected: 0%;Aggregation entirety: 100%","11.6","AGGREGATED","100.0","Completeness breakdown - Actual: 100%, Estimated: 0%, Missing: 0%, Rejected: 0%;Aggregation entirety: 100%;Element: WSA"
